label,precision,recall,f1,support
OTHER,0.9704977375565611,0.9491945477075588,0.9597279398603902,5649
PROFANITY,0.9446119065561417,0.9156318480642806,0.9298961424332344,2738
INSULT,0.7981330221703618,0.8460111317254174,0.8213749624737317,1617
RACIST,0.8638351030605871,0.9068852459016393,0.8848368522072937,1525
SEXIST,0.6534090909090909,0.8156028368794326,0.7255520504731862,141
