threshold,accuracy,precision,recall,f1,flagged_rate,policy
0.69,0.9641816623821765,0.9674620390455532,0.9629629629629629,0.9652072581987681,0.5135389888603257,best_f1
0.95,0.944044558697515,0.9917552216929278,0.8990200963295134,0.943113511629933,0.4676949443016281,recall_floor_90
