label,precision,recall,f1,support
OTHER,0.9801515698303861,0.9615861214374225,0.9707800911446698,5649
PROFANITY,0.9424990785108736,0.9338933528122717,0.9381764813795633,2738
INSULT,0.850909090909091,0.8682745825602969,0.859504132231405,1617
RACIST,0.8904971680302077,0.9278688524590164,0.9087989723827874,1525
SEXIST,0.6931818181818182,0.8652482269503546,0.7697160883280757,141
