threshold,accuracy,precision,recall,f1,flagged_rate,policy
0.6699999999999999,0.9725792630676949,0.969836822152629,0.9772463046005647,0.9735274652547982,0.5198800342759211,best_f1
0.95,0.9664095972579263,0.9880353736778221,0.9463544261750539,0.9667458432304038,0.4941730934018852,recall_floor_90
