label,precision,recall,f1,support
OTHER,0.9829833454018827,0.9612320764737121,0.9719860377696232,5649
PROFANITY,0.9478292593943816,0.9488677867056245,0.9483482387296952,2738
INSULT,0.8581730769230769,0.8831168831168831,0.8704663212435233,1617
RACIST,0.9088607594936708,0.9416393442622951,0.9249597423510467,1525
SEXIST,0.7267080745341615,0.8297872340425532,0.7748344370860927,141
