threshold,accuracy,precision,recall,f1,flagged_rate,policy
0.74,0.974293059125964,0.9730444848685299,0.9772463046005647,0.9751408684123302,0.5181662382176521,best_f1
0.95,0.9684661525278492,0.9913088823222667,0.9471848530144494,0.968744691693562,0.49297343616109685,recall_floor_90
