label,precision,recall,f1,support
OTHER,0.9558981713875941,0.943883873251903,0.9498530328671951,5649
PROFANITY,0.9396813353566009,0.9046749452154857,0.9218459248232229,2738
INSULT,0.7840772014475271,0.8039579468150897,0.7938931297709924,1617
RACIST,0.8444857496902106,0.8937704918032787,0.8684294361261549,1525
SEXIST,0.6304347826086957,0.8226950354609929,0.7138461538461538,141
