threshold,accuracy,precision,recall,f1,flagged_rate,policy
0.61,0.9522707797772065,0.9518690043003639,0.9558212921441621,0.9538410541145272,0.5180805484147386,best_f1
0.9199999999999999,0.9439588688946016,0.9832522960561858,0.9068261086198306,0.9434940383618455,0.47583547557840616,recall_floor_90
