{
  "run_name": "hpo_berturk_trial_03",
  "family": "transformer",
  "model_key": "berturk",
  "model_name": "dbmdz/bert-base-turkish-cased",
  "display_name": "BERTurk",
  "preprocess": "light",
  "label_order": [
    "OTHER",
    "PROFANITY",
    "INSULT",
    "RACIST",
    "SEXIST"
  ],
  "seed": 42,
  "sample_size": 12000,
  "epochs": 0.5,
  "batch_size": 8,
  "gradient_accumulation": 2,
  "effective_batch_size": 16,
  "learning_rate": 1e-05,
  "weight_decay": 0.01,
  "warmup_ratio": 0.06,
  "max_length": 128,
  "class_weight": true,
  "class_weights": [
    0.09975085407495499,
    0.20577725768089294,
    0.3487420082092285,
    0.36938703060150146,
    3.9763429164886475
  ],
  "temperature": 0.5,
  "val_nll_after_temperature": 0.6293838163263326,
  "val_metrics": {
    "accuracy": 0.7872222222222223,
    "balanced_accuracy": 0.5580781503389819,
    "macro_f1": 0.560727613744666,
    "weighted_f1": 0.7733318147656567,
    "macro_precision": 0.5706336600148385,
    "macro_recall": 0.5580781503389819,
    "log_loss": 0.6293838163263326,
    "top_label_ece": 0.07180064666602345,
    "classwise_ece": 0.038747534315826164,
    "macro_pr_auc": 0.637758077475475
  },
  "test_metrics": {
    "accuracy": 0.7811111111111111,
    "balanced_accuracy": 0.5532199196847033,
    "macro_f1": 0.5590875210678662,
    "weighted_f1": 0.7675942026196207,
    "macro_precision": 0.5722502079961733,
    "macro_recall": 0.5532199196847033,
    "log_loss": 0.6589570286969195,
    "top_label_ece": 0.07103508392969769,
    "classwise_ece": 0.03776355511281225,
    "macro_pr_auc": 0.6203120988710352
  },
  "val_uncalibrated_metrics": {
    "accuracy": 0.7872222222222223,
    "balanced_accuracy": 0.5580781503389819,
    "macro_f1": 0.560727613744666,
    "weighted_f1": 0.7733318147656567,
    "macro_precision": 0.5706336600148385,
    "macro_recall": 0.5580781503389819,
    "log_loss": 0.8259271878690158,
    "top_label_ece": 0.2704181745813953,
    "classwise_ece": 0.10927650739169784,
    "macro_pr_auc": 0.6356375404356094
  },
  "test_uncalibrated_metrics": {
    "accuracy": 0.7811111111111111,
    "balanced_accuracy": 0.5532199196847033,
    "macro_f1": 0.5590875210678662,
    "weighted_f1": 0.7675942026196207,
    "macro_precision": 0.5722502079961733,
    "macro_recall": 0.5532199196847033,
    "log_loss": 0.8477555040573518,
    "top_label_ece": 0.2707233063545492,
    "classwise_ece": 0.10814074568947156,
    "macro_pr_auc": 0.6173572772715759
  },
  "dataset_audit": {
    "raw_rows": 77800,
    "raw_columns": [
      "text",
      "target",
      "source",
      "is_toxic"
    ],
    "missing_by_column": {
      "text": 0,
      "target": 0,
      "source": 0,
      "is_toxic": 0
    },
    "dropped_empty_or_unknown_label": 0,
    "duplicate_text_rows": 0,
    "conflicting_text_count": 0,
    "deduplicated_rows_removed": 0,
    "clean_rows": 77800,
    "class_distribution": {
      "OTHER": 37663,
      "PROFANITY": 18252,
      "INSULT": 10777,
      "RACIST": 10163,
      "SEXIST": 945
    },
    "source_distribution": {
      "bully": 2525,
      "jigsaw": 35624,
      "offenseval": 6,
      "told": 39551,
      "troff": 94
    },
    "binary_distribution": {
      "0": 37663,
      "1": 40137
    },
    "text_length": {
      "min": 2,
      "median": 103.0,
      "mean": 200.11281491002572,
      "p95": 643.0,
      "max": 9314
    },
    "sample_size_used": 12000
  },
  "runtime_seconds": 79.47654247283936
}