label,precision,recall,f1,support
OTHER,0.8621420996818664,0.9334098737083811,0.896361631753032,871
PROFANITY,0.7452229299363057,0.8317535545023697,0.786114221724524,422
INSULT,0.5854922279792746,0.452,0.510158013544018,250
RACIST,0.6683937823834197,0.548936170212766,0.602803738317757,235
SEXIST,0.0,0.0,0.0,22
