threshold,accuracy,precision,recall,f1,flagged_rate,policy
0.6499999999999999,0.8961111111111111,0.9427207637231504,0.8503767491926802,0.8941709111488398,0.46555555555555556,best_f1
0.5299999999999999,0.8927777777777778,0.8931623931623932,0.8998923573735199,0.896514745308311,0.52,recall_floor_90
