label,precision,recall,f1,support
OTHER,0.9384965831435079,0.9460390355912744,0.9422527158376215,871
PROFANITY,0.8502415458937198,0.8341232227488151,0.8421052631578947,422
INSULT,0.7056603773584905,0.748,0.7262135922330097,250
RACIST,0.7736625514403292,0.8,0.7866108786610879,235
SEXIST,0.0,0.0,0.0,22
