threshold,accuracy,precision,recall,f1,flagged_rate,policy
0.6699999999999999,0.9383333333333334,0.9574944071588367,0.9214208826695371,0.9391113549094898,0.49666666666666665,best_f1
0.83,0.9327777777777778,0.9764150943396226,0.891280947255113,0.93190770962296,0.4711111111111111,recall_floor_90
