label,precision,recall,f1,support
OTHER,0.9110398379473329,0.9553903345724907,0.9326881534606412,5649
PROFANITY,0.8806840264282938,0.8276113951789628,0.8533232912822444,2738
INSULT,0.7004519044544868,0.670995670995671,0.6854074542008844,1617
RACIST,0.8340192043895748,0.7973770491803279,0.8152866242038217,1525
SEXIST,0.4939759036144578,0.5815602836879432,0.5342019543973942,141
