threshold,accuracy,precision,recall,f1,flagged_rate,policy
0.5099999999999999,0.9383033419023136,0.9482496194824962,0.9312406576980568,0.9396681749622926,0.5066838046272494,best_f1
0.6499999999999999,0.9314481576692374,0.9669111071364693,0.8978574987543597,0.9311057526696521,0.4790916880891174,recall_floor_90
