label,precision,recall,f1,support
OTHER,0.9724212034383954,0.9612320764737121,0.9667942668921926,5649
PROFANITY,0.9512378094523631,0.9262235208181154,0.9385640266469282,2738
INSULT,0.8543870566272558,0.8491032776747063,0.8517369727047146,1617
RACIST,0.8746158574062692,0.9331147540983606,0.9029187817258884,1525
SEXIST,0.6505376344086021,0.8581560283687943,0.7400611620795107,141
