threshold,accuracy,precision,recall,f1,flagged_rate,policy
0.71,0.9686375321336761,0.9718004338394793,0.9672811825278192,0.9695355418678209,0.5135389888603257,best_f1
0.95,0.9598114824335904,0.9887323943661972,0.9327354260089686,0.9599179557302795,0.48671808054841476,recall_floor_90
