engine,stage,cer,wer,ned,char_accuracy,word_accuracy,diacritic_accuracy,diacritic_error_count,base_loss_count,pages
easyocr,corrected,0.3380181606142137,0.5297580956811703,0.20848272001247106,0.7393326251245947,0.6256806583114576,0.9068402255793185,23.033333333333335,2.977777777777778,180
easyocr,raw,0.33846231317951514,0.5347006673186739,0.20883800082637702,0.7388884725592932,0.6215302140820065,0.8964457788004184,25.083333333333332,4.711111111111111,180
tesseract,corrected,0.26581641805374506,0.4340502976908874,0.15944448535345432,0.7945494440201715,0.6912688791216258,0.9422460588904128,5.194444444444445,1.1944444444444444,180
tesseract,raw,0.2651122933782771,0.42976497838359073,0.1587759358333115,0.7952535686956395,0.6958079842971151,0.9473252679865981,4.344444444444444,0.35,180
