label,precision,recall,f1,support
OTHER,0.913976677370289,0.9573375818728979,0.9351547639633409,5649
PROFANITY,0.926791277258567,0.8692476260043828,0.8970976253298153,2738
INSULT,0.7512468827930174,0.7452071737786023,0.7482148401117665,1617
RACIST,0.8513323983169705,0.7960655737704918,0.8227719417146729,1525
SEXIST,0.5548387096774193,0.6099290780141844,0.581081081081081,141
