threshold,accuracy,precision,recall,f1,flagged_rate,policy
0.43999999999999995,0.9375321336760926,0.9393889073397542,0.9395449260920113,0.9394669102383127,0.5160239931448157,best_f1
0.6399999999999999,0.9307626392459297,0.965363327977147,0.8980235841222388,0.9304766821545345,0.4799485861182519,recall_floor_90
