label,precision,recall,f1,support
OTHER,0.9378596087456847,0.9357060849598163,0.9367816091954023,871
PROFANITY,0.8416075650118203,0.8436018957345972,0.842603550295858,422
INSULT,0.6884615384615385,0.716,0.7019607843137254,250
RACIST,0.7620967741935484,0.8042553191489362,0.782608695652174,235
SEXIST,0.0,0.0,0.0,22
