threshold,accuracy,precision,recall,f1,flagged_rate,policy
0.74,0.9394444444444444,0.9638009049773756,0.9171151776103337,0.9398786541643684,0.4911111111111111,best_f1
0.84,0.9288888888888889,0.9706227967097533,0.8891280947255114,0.9280898876404494,0.4727777777777778,recall_floor_90
