label,precision,recall,f1,support
OTHER,0.9094117647058824,0.9578686493184635,0.9330114665057333,5649
PROFANITY,0.9212382445141066,0.8586559532505479,0.8888468809073724,2738
INSULT,0.7383467992541951,0.7346938775510204,0.7365158090514569,1617
RACIST,0.8475652787579393,0.7875409836065573,0.8164513936097892,1525
SEXIST,0.5563380281690141,0.5602836879432624,0.558303886925795,141
