threshold,accuracy,precision,recall,f1,flagged_rate,policy
0.4599999999999999,0.936675235646958,0.9423785594639866,0.9343962796877595,0.9383704445000417,0.5115681233933161,best_f1
0.62,0.9304198800342759,0.963846838824577,0.8988540109616343,0.9302165692677896,0.4811482433590403,recall_floor_90
