{
  "run_name": "hpo_berturk_trial_04",
  "family": "transformer",
  "model_key": "berturk",
  "model_name": "dbmdz/bert-base-turkish-cased",
  "display_name": "BERTurk",
  "preprocess": "light",
  "label_order": [
    "OTHER",
    "PROFANITY",
    "INSULT",
    "RACIST",
    "SEXIST"
  ],
  "seed": 42,
  "sample_size": 12000,
  "epochs": 0.5,
  "batch_size": 8,
  "gradient_accumulation": 2,
  "effective_batch_size": 16,
  "learning_rate": 2e-05,
  "weight_decay": 0.0,
  "warmup_ratio": 0.0,
  "max_length": 128,
  "class_weight": true,
  "class_weights": [
    0.09975085407495499,
    0.20577725768089294,
    0.3487420082092285,
    0.36938703060150146,
    3.9763429164886475
  ],
  "temperature": 0.7,
  "val_nll_after_temperature": 0.431353765833749,
  "val_metrics": {
    "accuracy": 0.8516666666666667,
    "balanced_accuracy": 0.66724686128424,
    "macro_f1": 0.6544813462759069,
    "weighted_f1": 0.8481200590713629,
    "macro_precision": 0.6437069174104769,
    "macro_recall": 0.66724686128424,
    "log_loss": 0.431353765833749,
    "top_label_ece": 0.02113039553165435,
    "classwise_ece": 0.027461284927092496,
    "macro_pr_auc": 0.7669404266729446
  },
  "test_metrics": {
    "accuracy": 0.8488888888888889,
    "balanced_accuracy": 0.6551666920862215,
    "macro_f1": 0.6481487170260967,
    "weighted_f1": 0.8445185043277071,
    "macro_precision": 0.6414484147778096,
    "macro_recall": 0.6551666920862215,
    "log_loss": 0.45970744367438304,
    "top_label_ece": 0.02265117615461349,
    "classwise_ece": 0.022899997290016873,
    "macro_pr_auc": 0.7268285369169045
  },
  "val_uncalibrated_metrics": {
    "accuracy": 0.8516666666666667,
    "balanced_accuracy": 0.66724686128424,
    "macro_f1": 0.6544813462759069,
    "weighted_f1": 0.8481200590713629,
    "macro_precision": 0.6437069174104769,
    "macro_recall": 0.66724686128424,
    "log_loss": 0.48383060305019976,
    "top_label_ece": 0.09716041881177158,
    "classwise_ece": 0.049929253304791116,
    "macro_pr_auc": 0.7599717672101735
  },
  "test_uncalibrated_metrics": {
    "accuracy": 0.8488888888888889,
    "balanced_accuracy": 0.6551666920862215,
    "macro_f1": 0.6481487170260967,
    "weighted_f1": 0.8445185043277071,
    "macro_precision": 0.6414484147778096,
    "macro_recall": 0.6551666920862215,
    "log_loss": 0.508885587549382,
    "top_label_ece": 0.10492081079218124,
    "classwise_ece": 0.04786072862872647,
    "macro_pr_auc": 0.7263186897070081
  },
  "dataset_audit": {
    "raw_rows": 77800,
    "raw_columns": [
      "text",
      "target",
      "source",
      "is_toxic"
    ],
    "missing_by_column": {
      "text": 0,
      "target": 0,
      "source": 0,
      "is_toxic": 0
    },
    "dropped_empty_or_unknown_label": 0,
    "duplicate_text_rows": 0,
    "conflicting_text_count": 0,
    "deduplicated_rows_removed": 0,
    "clean_rows": 77800,
    "class_distribution": {
      "OTHER": 37663,
      "PROFANITY": 18252,
      "INSULT": 10777,
      "RACIST": 10163,
      "SEXIST": 945
    },
    "source_distribution": {
      "bully": 2525,
      "jigsaw": 35624,
      "offenseval": 6,
      "told": 39551,
      "troff": 94
    },
    "binary_distribution": {
      "0": 37663,
      "1": 40137
    },
    "text_length": {
      "min": 2,
      "median": 103.0,
      "mean": 200.11281491002572,
      "p95": 643.0,
      "max": 9314
    },
    "sample_size_used": 12000
  },
  "runtime_seconds": 78.87677311897278
}