label,precision,recall,f1,support
OTHER,0.9331797235023042,0.9299655568312285,0.9315698677400805,871
PROFANITY,0.8301886792452831,0.8341232227488151,0.8321513002364066,422
INSULT,0.6806083650190115,0.716,0.6978557504873294,250
RACIST,0.763265306122449,0.7957446808510639,0.7791666666666667,235
SEXIST,0.0,0.0,0.0,22
