threshold,accuracy,precision,recall,f1,flagged_rate,policy
0.63,0.9338888888888889,0.944078947368421,0.9268030139935415,0.935361216730038,0.5066666666666667,best_f1
0.7899999999999999,0.9283333333333333,0.9576659038901602,0.9009687836383208,0.9284525790349417,0.4855555555555556,recall_floor_90
