label,precision,recall,f1,support
OTHER,0.0,0.0,0.0,145
PROFANITY,0.0,0.0,0.0,70
INSULT,0.0,0.0,0.0,42
RACIST,0.18181818181818182,0.10256410256410256,0.13114754098360656,39
SEXIST,0.014492753623188406,1.0,0.02857142857142857,4
