threshold,accuracy,precision,recall,f1,flagged_rate,policy
0.05,0.5166666666666667,0.5166666666666667,1.0,0.6813186813186813,1.0,best_f1
0.05,0.5166666666666667,0.5166666666666667,1.0,0.6813186813186813,1.0,recall_floor_90
