{
  "run_name": "berturk_light",
  "family": "transformer",
  "model_key": "berturk",
  "model_name": "dbmdz/bert-base-turkish-cased",
  "display_name": "BERTurk",
  "preprocess": "light",
  "label_order": [
    "OTHER",
    "PROFANITY",
    "INSULT",
    "RACIST",
    "SEXIST"
  ],
  "seed": 42,
  "sample_size": null,
  "epochs": 1.0,
  "batch_size": 8,
  "gradient_accumulation": 2,
  "effective_batch_size": 16,
  "learning_rate": 3e-05,
  "weight_decay": 0.01,
  "warmup_ratio": 0.06,
  "max_length": 128,
  "class_weight": true,
  "class_weights": [
    0.09982239454984665,
    0.20598916709423065,
    0.3488491177558899,
    0.369935005903244,
    3.9754042625427246
  ],
  "temperature": 1.3,
  "val_nll_after_temperature": 0.18072900767718506,
  "val_metrics": {
    "accuracy": 0.9374464438731791,
    "balanced_accuracy": 0.8943048403659251,
    "macro_f1": 0.8866641717669619,
    "weighted_f1": 0.9375891021373516,
    "macro_precision": 0.879734515894174,
    "macro_recall": 0.8943048403659251,
    "log_loss": 0.18072900767718506,
    "top_label_ece": 0.012101023250292177,
    "classwise_ece": 0.007479678380527338,
    "macro_pr_auc": 0.94403469803869
  },
  "test_metrics": {
    "accuracy": 0.942330762639246,
    "balanced_accuracy": 0.9131280073987629,
    "macro_f1": 0.8996861291186316,
    "weighted_f1": 0.9424837406342228,
    "macro_precision": 0.8881969096798166,
    "macro_recall": 0.9131280073987629,
    "log_loss": 0.17083293242079056,
    "top_label_ece": 0.008928409969592144,
    "classwise_ece": 0.0077508900385835165,
    "macro_pr_auc": 0.9455771047710411
  },
  "val_uncalibrated_metrics": {
    "accuracy": 0.9374464438731791,
    "balanced_accuracy": 0.8943048403659251,
    "macro_f1": 0.8866641717669619,
    "weighted_f1": 0.9375891021373516,
    "macro_precision": 0.879734515894174,
    "macro_recall": 0.8943048403659251,
    "log_loss": 0.19406165193973446,
    "top_label_ece": 0.030325288658174784,
    "classwise_ece": 0.012556097808959565,
    "macro_pr_auc": 0.9436895731754932
  },
  "test_uncalibrated_metrics": {
    "accuracy": 0.942330762639246,
    "balanced_accuracy": 0.9131280073987629,
    "macro_f1": 0.8996861291186316,
    "weighted_f1": 0.9424837406342228,
    "macro_precision": 0.8881969096798166,
    "macro_recall": 0.9131280073987629,
    "log_loss": 0.17999503159172983,
    "top_label_ece": 0.02398187889180437,
    "classwise_ece": 0.010651349286145176,
    "macro_pr_auc": 0.9451858149834116
  },
  "dataset_audit": {
    "raw_rows": 77800,
    "raw_columns": [
      "text",
      "target",
      "source",
      "is_toxic"
    ],
    "missing_by_column": {
      "text": 0,
      "target": 0,
      "source": 0,
      "is_toxic": 0
    },
    "dropped_empty_or_unknown_label": 0,
    "duplicate_text_rows": 0,
    "conflicting_text_count": 0,
    "deduplicated_rows_removed": 0,
    "clean_rows": 77800,
    "class_distribution": {
      "OTHER": 37663,
      "PROFANITY": 18252,
      "INSULT": 10777,
      "RACIST": 10163,
      "SEXIST": 945
    },
    "source_distribution": {
      "bully": 2525,
      "jigsaw": 35624,
      "offenseval": 6,
      "told": 39551,
      "troff": 94
    },
    "binary_distribution": {
      "0": 37663,
      "1": 40137
    },
    "text_length": {
      "min": 2,
      "median": 103.0,
      "mean": 200.11281491002572,
      "p95": 643.0,
      "max": 9314
    }
  },
  "runtime_seconds": 829.4041254520416
}