label,precision,recall,f1,support
OTHER,0.9740167289553301,0.9688440431934856,0.9714235001774938,5649
PROFANITY,0.9515062454077884,0.9459459459459459,0.9487179487179487,2738
INSULT,0.8759445843828715,0.860235003092146,0.8680187207488299,1617
RACIST,0.901712111604312,0.9324590163934426,0.9168278529980658,1525
SEXIST,0.7378048780487805,0.8581560283687943,0.7934426229508197,141
