threshold,accuracy,precision,recall,f1,flagged_rate,policy
0.58,0.9726649528706084,0.973430753902358,0.9735924265072247,0.9735115834924852,0.5160239931448157,best_f1
0.95,0.956898029134533,0.9933834048640916,0.9226042185683442,0.9566864720571773,0.47917737789203085,recall_floor_90
