label,precision,recall,f1,support
OTHER,0.9461358313817331,0.9276693455797933,0.9368115942028985,871
PROFANITY,0.8780487804878049,0.8530805687203792,0.8653846153846154,422
INSULT,0.7279411764705882,0.792,0.7586206896551724,250
RACIST,0.7604562737642585,0.851063829787234,0.8032128514056225,235
SEXIST,1.0,0.045454545454545456,0.08695652173913043,22
