threshold,accuracy,precision,recall,f1,flagged_rate,policy
0.83,0.9405555555555556,0.9617977528089887,0.9214208826695371,0.9411764705882353,0.49444444444444446,best_f1
0.8999999999999999,0.9344444444444444,0.9753810082063306,0.8955866523143164,0.9337822671156004,0.4738888888888889,recall_floor_90
