trial,run_name,status,learning_rate,weight_decay,warmup_ratio,class_weight,val_macro_f1,val_classwise_ece,val_top_label_ece,runtime_seconds
1,hpo_berturk_trial_01,completed,2e-05,0.01,0.06,True,0.6587197027252417,0.026286987154434126,0.026821921476059503,80.35657358169556
2,hpo_berturk_trial_02,completed,3e-05,0.01,0.06,True,0.7267337522343423,0.02791064968984574,0.018495175358321937,79.66958522796631
3,hpo_berturk_trial_03,completed,1e-05,0.01,0.06,True,0.560727613744666,0.038747534315826164,0.07180064666602345,79.47654247283936
4,hpo_berturk_trial_04,completed,2e-05,0.0,0.0,True,0.6544813462759069,0.027461284927092496,0.02113039553165435,78.87677311897278
5,hpo_berturk_trial_05,completed,2e-05,0.01,0.1,True,0.6669962120952408,0.024370894984290414,0.021868921269973123,79.78378033638
6,hpo_berturk_trial_06,completed,2e-05,0.01,0.06,False,0.6669722937905427,0.015206977083451223,0.01916974332597524,77.47165727615356
