label,precision,recall,f1,support
OTHER,0.9240924092409241,0.9644087256027555,0.9438202247191011,871
PROFANITY,0.8246753246753247,0.9028436018957346,0.8619909502262444,422
INSULT,0.7614678899082569,0.664,0.7094017094017094,250
RACIST,0.8199052132701422,0.7361702127659574,0.7757847533632287,235
SEXIST,0.0,0.0,0.0,22
