threshold,accuracy,precision,recall,f1,flagged_rate,policy
0.4799999999999999,0.9472222222222222,0.9582417582417583,0.9386437029063509,0.9483414899401849,0.5055555555555555,best_f1
0.7799999999999999,0.9383333333333334,0.9823113207547169,0.8966630785791173,0.9375351716375915,0.4711111111111111,recall_floor_90
